,WIND_SPEED,TEMP,RADIATION,PM10,PM2.5
0,0.6715005833333332,17.733962499999997,69.75055791666666,83.52694583333333,54.47830416666665
1,0.7485799166666665,19.449616666666664,89.06190041666669,104.25295833333332,69.21887083333333
2,1.3218075,20.940491666666667,142.89150166666664,109.79136249999999,71.96392083333335
3,1.3967891666666665,21.783883333333335,93.83385208333333,86.1137125,54.740004166666665
4,1.285549791666667,22.613429166666666,116.01324291666668,86.51625000000001,60.950754166666684
5,1.6135433333333333,22.925658333333335,115.98981333333336,64.96473333333334,40.28703333333334
6,2.136165833333333,22.35659583333333,81.51823000000002,68.4303375,45.58321250000001
7,2.5787125,21.9065375,75.71933916666667,68.16980833333335,46.54290416666666
8,2.474179583333333,22.079112499999997,56.08737041666668,70.24465833333332,47.55820000000001
9,1.8856506666666668,24.679466666666666,135.56380833333333,53.60445833333333,33.723862499999996
10,1.5864791666666667,21.929770833333336,130.35134458333334,49.576224999999994,28.06137083333333
11,1.114107083333333,18.593799999999995,34.73189708333333,78.21480000000001,41.3249625
12,0.8084958333333333,17.99214583333333,27.407395416666663,74.52945833333332,53.001224999999984
13,0.7530258333333334,16.496941666666665,11.239640416666662,50.66324583333333,41.69674166666667
14,0.85208875,15.743249999999996,12.590462499999994,42.99158333333333,33.09247916666667
15,0.8008983333333334,16.568062499999996,18.624578749999998,45.493620833333345,36.662537500000006
16,0.9978058333333335,19.606962499999998,129.17076583333338,56.30522083333335,32.724645833333334
17,1.4877816666666666,18.542837499999997,117.19158999999998,91.40712500000002,42.78835
18,0.7505566666666668,17.8997125,49.93785291666668,96.48483333333333,62.83668333333332
19,0.7072238750000001,18.168287499999998,24.98608083333333,134.61370833333336,97.65100000000002
20,0.8701566249999999,18.447287499999998,22.88567875,77.22563749999999,60.472591666666666
21,1.2246050000000002,14.888804166666668,23.644209583333335,32.35249583333334,22.71479583333333
22,1.236885,9.8936625,25.464177500000005,44.675129166666665,27.984629166666668
23,0.8647491666666666,7.3714375000000025,24.497073333333333,55.401391666666655,33.29789166666667
24,0.9540879166666666,9.3761625,81.42525833333333,58.29184641666671,38.819321416666675
25,0.7073554583333334,6.935512499999999,16.443267083333335,15.892791666666666,11.15783333333333
26,0.6411474166666666,10.358204166666665,54.05556958333335,36.543825,33.30499583333333
27,0.8292231666666668,13.030954166666666,43.72907291666666,115.03820833333333,90.46199999999999
28,0.7189390000000001,16.353129166666665,51.28114166666666,99.96665,74.06364583333334
29,0.7784729166666667,15.233474999999999,22.713497916666658,64.56226249999999,49.93567916666666
30,0.7195984583333331,15.495983333333333,23.183763333333328,43.58570416666665,35.10600416666666
31,1.1807820833333331,14.036029166666667,63.51358666666667,37.63927916666667,21.349116666666664
32,1.0031404166666666,13.606604166666665,127.87110541666665,69.41249999999998,42.541666666666664
33,1.1282454166666664,14.661775,94.31519666666672,107.33333333333331,67.27916666666665
34,0.8021870833333334,13.006941666666668,21.69673125,67.41666666666667,55.30833333333333
35,0.788009125,15.139312499999996,47.338515416666674,92.72916666666667,74.17916666666669
36,0.7811013333333333,16.17634166666667,178.51820583333335,94.62083333333332,67.67916666666667
37,0.9075382916666667,15.944412499999999,188.25621541666666,123.74999999999999,97.52916666666664
38,0.9827852916666666,16.202395833333338,186.27905833333332,82.51666666666665,68.40000000000002
39,1.6625925000000006,17.334437499999996,196.38776541666664,55.65177916666667,41.17828333333333
40,2.3377275,19.341683333333332,126.87531625000001,47.1625,35.09166666666666
41,1.8724662499999998,21.135487500000004,108.15363916666668,43.205945833333324,32.68661666666668
42,1.5460062499999998,23.13467916666667,167.85883958333332,63.0375,43.445833333333326
43,1.0819398333333332,25.06232083333333,190.57330125000001,78.99583333333335,58.52916666666667
44,1.7002848749999997,23.1148,183.2905033333333,69.20000000000002,47.3375
45,1.1918283333333333,14.907537500000002,47.56644333333333,37.214279166666664,26.032450000000008
46,0.8096216666666666,15.189983333333332,124.36830041666667,59.33333333333334,44.79583333333333
47,0.8525608333333334,16.60779583333333,73.00535458333333,91.175,64.25000000000001
48,1.2602766666666667,17.7801875,71.98952624999998,115.42083333333329,81.9125
49,0.9717804166666664,17.315629166666668,37.067003750000005,128.22083333333333,105.36666666666666
50,1.0172433333333333,18.915733333333332,76.42000666666668,123.19999999999999,88.5
51,2.340009583333334,19.144516666666668,130.34497708333333,95.675,66.39583333333333
52,0.8625137499999999,18.505708333333335,44.20888250000001,87.075,71.64583333333333
53,0.8307715833333335,16.025266666666667,19.139264583333336,38.685020833333326,29.503416666666677
54,0.8942241666666666,13.827504166666666,36.33437458333333,38.1427,26.778800000000004
55,0.7485646250000001,14.228554166666667,44.48974208333333,38.1427,26.778800000000004
56,0.9249781249999999,14.246297871250002,22.309353125,67.076125,50.24533333333334
57,1.13578875,16.322,120.53897208333332,89.44166666666666,67.69166666666668
58,0.8143198333333332,18.705995833333333,158.6686333333333,123.98333333333335,94.05
59,1.1151508333333335,20.648841666666666,226.8934875,125.08333333333333,82.82083333333333
60,1.7724316666666668,20.738379166666665,218.4237475000001,115.72083333333332,70.01666666666667
61,1.9348820833333331,21.362054166666667,166.0417445833333,87.05416666666667,58.26666666666666
62,2.5213079166666668,21.06229583333333,89.1769016666667,75.5487625,53.12374166666666
63,2.62695375,20.84539583333334,78.73762166666667,55.60916666666665,41.51931666666667
64,1.0687850833333334,20.1665375,27.96118416666666,52.19756666666668,43.39694583333334
65,1.7193579166666668,21.413779166666668,31.71624833333333,66.733625,50.688725
66,2.280197916666667,21.539504166666664,37.32480291666667,52.69402083333333,38.93127499999999
67,1.3859899999999998,22.27772916666667,36.049802500000006,38.89615416666666,31.18272916666667
68,1.4942154166666668,23.325583333333338,51.05738,45.40100416666667,35.01799166666667
69,1.71284875,19.306391666666666,58.55928083333334,39.9454,21.304104166666665
70,1.9653408333333335,16.7436125,101.01029583333336,70.91859166666667,42.973104166666666
71,1.856800416666666,16.390483333333336,30.17633458333334,72.26795416666668,53.097662500000006
72,0.7946521249999999,17.858541666666667,65.73808166666664,75.08947916666668,62.97113749999999
73,1.7039995833333332,19.816708333333338,145.71325958333333,74.43021666666665,49.99329583333333
74,1.67326375,19.15300833333333,49.224758333333334,73.5895,50.14172500000001
75,1.2287770833333334,20.1582875,43.41921291666668,63.29998333333333,47.13637499999999
76,0.92453,21.4377375,47.39342625,65.54090833333335,48.8842125
77,0.9760734583333331,22.800529166666667,56.29080749999999,70.82590833333333,55.75349583333334
78,1.1786070833333335,22.83315416666667,28.858774583333325,64.32324166666668,50.26421666666666
79,1.581297083333333,24.150179166666664,67.0396975,48.30576666666666,36.166133333333335
80,1.4928233333333338,23.56800833333334,21.160909583333332,52.61067499999999,38.3978625
81,1.2678687499999999,23.48223333333333,25.045355416666656,52.03504166666667,39.648512499999995
82,1.1327276666666668,23.673341666666662,61.242946666666676,55.358329166666664,41.93000833333334
83,0.8233191666666668,17.130770833333333,13.749115416666667,33.88312083333333,28.01454166666667
84,1.6356670833333335,19.02855,180.6561829166666,62.31020833333334,41.06254583333333
85,1.3590999999999998,19.563220833333332,106.2513570833333,83.62779166666667,53.714312500000005
86,0.69658,19.338275000000007,40.6030725,111.21095833333334,82.798625
87,1.163958,19.570383333333336,55.81726333333334,128.557125,92.26866666666668
88,1.453255416666667,20.2516125,37.591447916666674,119.86583333333338,81.28095833333332
89,1.42019875,21.88092916666667,60.10007708333333,84.99941666666668,56.93780416666667
90,1.3544725,21.35959583333333,34.762872916666666,79.92382916666666,58.915324999999996
91,1.353639583333333,22.0976,28.531395833333335,62.12862083333334,48.73262916666666
92,1.7021895833333334,22.646041666666665,19.634171666666663,34.067337499999994,28.9834125
93,1.6260374583333335,24.05823333333333,44.52394291666668,53.39284999999999,37.749383333333334
94,2.0250966666666668,25.434925000000003,92.65250583333334,47.23972083333334,32.257725
95,2.5448620833333337,24.71732916666667,49.21763583333333,50.98226666666667,35.82104166666666
96,2.20439875,24.634262499999995,24.19463375000001,50.36560416666666,35.03586666666667
97,1.6535337499999994,25.292320833333335,76.61187916666664,59.17366666666667,40.939054166666665
98,1.4284291666666664,24.475266666666666,34.91279291666667,49.28286666666667,39.20292499999999
99,2.5085283333333335,24.859233333333325,64.14641000000002,38.74757916666667,29.065170833333326
100,1.6393757916666667,27.09345833333334,173.23536083333332,59.59245833333333,41.074666666666666
101,1.663555083333333,27.217708333333338,116.6698429166667,63.54580833333333,42.289079166666674
102,2.377192916666666,27.413387499999995,161.55538958333338,57.74903749999999,38.24025
103,1.4676283333333335,27.433450000000004,102.46561416666668,71.74529166666669,50.00171666666666
104,1.456205833333333,28.309825,108.36769416666668,85.30912500000002,58.136920833333306
105,1.7206483333333331,27.819008333333326,96.99497375,73.73362499999998,51.48736666666667
106,1.8356550416666668,28.05299166666666,110.90606666666663,69.27983333333334,50.01319166666668
107,1.7021522916666665,25.871354166666666,45.713287083333334,64.5799625,43.108700000000006
108,1.1178715416666665,23.399570833333332,104.93012500000005,53.95955833333335,32.54472500000001
109,2.2255475,25.01469583333333,123.54896624999999,53.799045833333345,35.21981249999999
110,2.4675829166666663,24.935854166666658,140.73655958333333,30.828395833333335,21.38629583333333
111,1.6966295833333336,25.303204166666664,63.933526666666694,44.57865833333332,31.389079166666658
112,1.5364190416666668,22.68597083333334,55.02960583333333,35.96851249999999,27.6269125
113,1.6464530000000002,26.50737083333333,175.64715958333338,55.48161666666667,37.9209375
114,1.795361041666667,26.030845833333334,186.17565666666675,28.621515416666657,19.04049291666666
115,2.0242270833333333,28.162312500000002,233.99097666666668,38.60035,22.116025000000004
116,1.9224118749999999,29.690633333333338,225.31487666666672,49.56699583333333,31.25989166666666
117,1.582963333333333,28.086816666666667,89.63036750000002,57.307604166666664,37.214441666666666
118,1.805975833333333,29.126625000000004,169.65281541666664,47.995829166666674,29.434612499999997
119,1.29986375,26.295237500000002,25.925334166666673,59.02400833333334,43.49115000000001
120,2.4346549999999993,27.724950000000003,175.38842541666665,36.20010833333333,24.30775416666667
121,1.95003,28.266599999999997,141.79347833333333,29.230166666666666,21.762391666666673
122,1.9088491666666665,29.382787499999996,152.98612166666672,37.8826375,27.849212500000004
123,2.25272125,28.984425000000005,128.26304958333336,32.87872083333333,24.6766125
124,2.8410583333333332,29.538337499999997,166.58492083333337,27.784720833333335,19.954679166666665
125,2.6254970833333338,30.48874583333334,182.74875166666666,29.58004583333333,20.49583333333333
126,2.5219566666666666,30.910883333333327,187.51384291666668,39.648620833333325,26.10552916666666
127,3.1091604166666666,30.462537500000007,185.21225583333333,38.858354166666665,24.509858333333337
128,2.8812520833333335,29.54224166666667,118.30937791666669,31.848741666666665,22.68654583333333
129,2.2091695833333334,30.360191666666665,151.75755041666665,43.590112500000004,29.51821666666667
130,1.0939954166666668,28.523462499999997,147.74183333333335,48.234208333333335,31.21105833333333
131,1.828035,29.586037500000003,183.26154416666677,53.574437499999995,32.654562500000004
132,1.9585850000000005,28.69293333333333,79.31474999999999,41.208445833333336,28.075349999999997
133,2.8421849999999993,28.554712499999997,138.83102999999997,31.24602916666666,20.027716666666667
134,2.6940270833333333,28.753383333333332,176.15255250000004,30.003937500000006,18.498791666666662
135,1.2165149999999998,27.54466666666666,107.18235791666665,38.82843333333334,23.932804166666667
136,1.1663997083333333,27.312962499999998,279.9700487500001,54.13449166666666,26.229133333333333
137,2.4610845833333332,27.677449999999997,211.3646408333334,62.46880833333332,34.614225000000005
138,2.2786750000000002,29.042708333333334,182.61677833333337,53.17672083333331,31.1853625
139,2.6588741666666666,30.35213333333334,177.8092158333333,41.587554166666656,25.193749999999998
140,1.2630204999999999,30.930258333333327,243.78693583333336,41.634462500000005,26.614662500000005
141,1.3070170833333332,30.016899999999996,218.77183208333335,37.973808333333345,25.72952083333334
142,1.2259180833333334,28.34822916666667,87.64226874999997,59.75978749999999,36.96033333333333
143,2.0280658333333332,29.11413333333334,109.13114708333336,46.862104166666654,28.977412500000003
144,0.9275080833333336,24.957866666666675,61.577425833333336,32.3448,26.877120833333336
145,1.6246083750000004,28.237179166666664,172.34220833333328,38.16915625,27.881263333333337
146,2.697585416666667,30.064724999999996,175.5279650000001,38.925216666666664,25.02931666666667
147,2.1279141666666668,29.77083333333333,142.15981458333334,28.1618625,17.722404166666667
148,1.3216618333333334,29.51482916666667,181.66921374999993,49.84348333333333,27.77445
149,1.1774557083333335,29.157241666666675,144.93759083333333,40.56642083333334,26.487512499999998
150,1.2467487499999999,28.90637083333334,87.44992458333336,50.314483333333335,33.78245416666667
151,2.59130625,32.35226666666666,281.77348,40.178141666666676,20.290458333333337
152,2.715985416666667,33.85900416666666,282.3822091666666,35.556650000000005,16.618966666666665
153,2.0706175000000004,34.77382916666667,287.82816541666665,40.266245833333336,18.1731125
154,1.7259366666666665,34.5906875,274.03540958333326,38.76185000000001,14.608966666666666
155,1.4464954166666668,32.65644999999999,202.1408133333334,42.56056666666665,21.145370833333327
156,1.144242083333333,31.163441666666674,243.84768000000005,43.75735,26.035833333333326
157,1.3624100416666665,30.323475000000002,166.1449754166667,42.08763333333332,25.60839583333333
158,1.4975658333333335,29.976237499999993,183.40376416666672,44.3060875,27.37709166666666
159,1.1360612083333332,28.47229583333333,135.60622124999995,40.91912916666667,28.84616666666666
160,1.2832091666666667,30.935850000000013,227.65460666666664,50.97749166666667,33.7423
161,1.4839774166666666,30.953987500000007,152.2734954166667,49.44259583333334,33.130475000000004
162,1.44469125,33.61900416666667,234.9478295833333,49.394554166666666,26.71542916666667
163,2.038383333333333,34.35488750000001,250.02440750000005,40.90869583333333,18.162382083333334
164,1.5076720833333335,34.9623875,263.0607145833333,52.185733333333324,23.206916666666668
165,1.989159166666667,35.51559999999999,267.9668608333334,50.84291666666666,21.794354166666665
166,2.5538458333333334,34.93856666666667,268.91176541666675,46.01322083333334,20.35828875
167,1.1440108333333334,26.808400000000002,67.98823750000001,27.447675,19.16167916666667
168,1.7687096666666668,30.47862916666668,229.0826520833333,49.725479166666666,30.354562499999997
169,1.4614202083333332,30.723325000000006,232.05420541666675,51.5489375,30.648749999999993
170,2.6711410833333336,31.608479166666672,222.21946125,58.75918749999999,38.206475
171,3.1742779166666666,32.170079166666675,193.52220458333326,52.05815416666667,32.7273125
172,2.6534495833333334,32.159325,244.37229541666673,48.584729166666676,28.43359583333333
173,2.0836083333333337,31.88859583333333,215.38630916666668,53.838674999999995,32.290625000000006
174,1.9226358333333333,30.377433333333332,185.60540916666662,42.67872916666667,25.792275000000004
175,1.87756125,31.76181666666667,212.38267499999995,34.398270833333335,18.517637499999992
176,1.7686216666666665,31.520825,175.70549333333338,45.138283333333334,28.18909583333333
177,1.6327520833333338,32.47558750000001,234.33995125,39.644816666666664,22.29560833333333
178,1.1516929583333335,30.00488333333334,156.4811833333333,30.0168125,21.139320833333333
179,1.2834968750000002,31.858229166666664,222.23093375000005,40.53952916666667,25.174470833333334
180,1.0261818749999998,30.07342916666666,128.69576833333335,40.602725,26.996225000000006
181,1.7805187499999995,29.10305,85.13053875000001,27.175508333333337,19.397375
182,2.785694166666666,31.110366666666668,167.74775750000003,28.23152916666667,16.183662499999997
183,1.8034929166666664,29.742708333333336,125.73999958333333,24.653350000000003,14.231100000000003
184,1.370471666666667,31.917366666666666,168.71041250000002,34.023895833333334,17.444025
185,1.9602354166666667,31.907399999999996,169.15099375000003,42.685370833333344,22.043775
186,1.6715041666666668,27.2092375,40.04624208333333,25.05135,18.491925000000002
187,1.6123741666666669,27.502566666666663,85.74483416666668,30.076170833333332,21.8446125
188,1.1712758333333333,28.95904166666666,162.72986583333332,42.70102500000001,29.614466666666658
189,1.1352937916666666,31.112320833333328,187.1496733333333,52.594158333333326,32.63800833333334
190,1.4665115416666665,33.05873333333333,254.35338791666672,44.438779166666656,27.61177500000001
191,1.5494150000000004,34.3465625,270.6267429166666,38.49300000000001,23.575687499999997
192,1.5786112500000005,33.554075,201.4862416666667,42.677141666666664,26.100824999999997
193,1.2690571666666668,28.712716666666676,94.11956250000001,39.69997083333333,27.397837499999998
194,1.5155916666666664,29.089533333333332,83.30903291666665,39.167350000000006,27.07489583333334
195,1.4229574999999999,29.31390833333333,120.50462083333336,41.54723333333333,29.78215416666667
196,1.6168916666666668,31.970862500000006,177.30204958333331,48.7024875,28.874704166666664
197,1.8609225,32.227066666666666,282.00777750000003,26.518191666666677,13.2305975
198,2.0335991666666664,32.87600416666667,256.71942583333333,26.621133333333336,14.001808333333335
199,2.6810966666666665,33.35233333333333,258.68350791666666,31.597287500000004,16.670945
200,2.9253333333333327,32.81962083333334,229.76997624999998,34.28409583333333,18.118775
201,3.006485,32.80735833333333,238.59347749999998,33.62267083333334,14.65737083333333
202,2.1256775,30.8998125,158.521875,30.741241666666664,15.302887500000002
203,2.1990825000000003,31.715633333333333,228.55345416666668,39.76059583333334,22.448383333333336
204,2.0690154166666668,30.290279166666664,184.1459991666666,30.107266666666664,16.586204166666672
205,1.5829012499999997,31.84385833333334,263.0638579166667,33.115066666666664,19.466183333333337
206,1.7311079166666667,33.398604166666665,283.8670775,32.56630416666667,17.25150833333333
207,1.2501016250000003,33.875791666666665,292.53153791666665,49.8532875,27.495212500000004
208,1.4688287500000001,29.137604166666662,181.5408475,31.898129166666674,19.84415
209,3.3213754166666667,26.11729166666666,50.48036458333333,15.397389166666665,11.82705375
210,1.4551333333333336,28.669274999999995,160.47714666666667,28.815358333333336,19.48369583333334
211,0.9243612083333334,29.69771666666666,145.3404608333333,41.93032916666666,29.255687499999997
212,1.0994004166666667,32.01021666666666,270.2170416666666,60.411970833333335,41.152629166666664
213,1.1183466666666668,33.30180833333334,277.47741541666664,68.05390000000001,44.435616666666675
214,1.6972970833333332,32.686104166666674,224.38906250000005,38.59609583333332,23.622125
215,1.6191602500000002,27.54686666666667,67.56421333333334,33.84745833333333,25.683354166666664
216,1.5584020833333334,28.819570833333334,116.17872833333332,30.853333333333335,21.428587499999995
217,1.2177220833333333,29.28050833333333,138.10790916666667,39.91880416666666,27.76354583333334
218,1.2230965000000003,31.111112500000004,175.71986124999998,39.15699166666666,25.320229166666664
219,1.2437395833333333,32.0795625,212.34525874999997,35.39552916666667,23.168766666666667
220,1.2543496666666667,32.87122916666667,293.59387625,32.91512083333333,18.575645833333336
221,1.3417342083333335,33.08867083333334,258.22966,39.47714583333333,24.91167916666667
222,1.2123024999999996,31.131520833333337,194.41110250000006,30.40347916666667,20.775879166666666
223,1.1173439999999997,29.458325,109.72173166666663,31.762300000000007,24.081499999999995
224,1.12258875,29.957683333333332,236.8964245833333,33.24416250000001,24.538854166666667
225,1.4575933333333333,28.281224999999992,104.77473624999999,24.90538666666667,18.7103925
226,1.0620456666666669,27.319441666666663,116.79687291666669,21.484283333333334,16.496750000000002
227,1.3395443750000002,28.194933333333335,195.53248124999996,20.743979166666666,15.576374999999999
228,1.4741012500000001,28.457575000000002,128.36027791666666,24.1832625,18.14217916666667
229,1.4169491666666667,28.73570833333334,121.27686874999999,33.980083333333326,24.600466666666666
230,1.6483338750000003,28.766441666666676,114.47891208333336,38.1427,26.778800000000004
231,2.5830137499999997,26.540241666666663,33.0708825,38.1427,26.778800000000004
232,1.5159845833333332,27.679779166666666,126.52457416666665,38.1427,26.778800000000004
233,1.2233067916666667,29.256445833333334,161.6815141666667,38.1427,26.778800000000004
234,1.1117520833333332,27.215608333333336,49.14107500000001,34.74508333333333,25.239687500000006
235,0.9585199999999999,28.497175000000002,150.50567125000003,40.76333333333333,29.077379166666663
236,1.0809868333333335,31.289912500000003,255.14232750000005,63.79824166666666,40.795991666666666
237,1.1665820833333334,32.59061666666667,258.04880499999996,69.11388749999999,42.7404875
238,1.1138433333333335,32.058366666666664,223.51726875,56.956933333333325,36.19894166666666
239,1.1598529166666665,30.001679166666666,205.92133,30.925008333333327,19.64430833333334
240,0.9065797083333336,25.903737500000002,38.83441083333333,26.131633333333337,19.407445833333334
241,0.90322125,27.911070833333337,81.0328275,62.05387083333332,40.305141666666664
242,1.1746055416666665,29.897824999999997,178.10948583333325,80.57912499999999,53.25880416666667
243,1.7057383333333334,31.236008333333334,183.80859750000002,49.88285,30.632499999999993
244,1.300696208333333,30.346358333333328,197.85334125,30.86097958333332,17.3980175
245,1.4599958333333334,29.491037499999994,176.0626270833333,27.505116666666662,19.164408333333334
246,1.1232161250000001,29.791879166666664,125.77425875,45.21830416666668,30.93086666666667
247,0.6177497916666668,30.99725833333333,171.14624083333328,69.931875,51.12858333333333
248,1.0549765416666665,30.446895833333333,153.95969291666663,57.513120833333325,41.526166666666676
249,1.0699089583333334,27.757395833333337,67.01245333333331,54.71582916666667,42.377849999999995
250,0.7665784166666666,27.294808333333332,77.60342000000001,35.48726666666667,25.96063333333333
251,1.3344425,27.87296250000001,74.74097958333336,50.545229166666665,35.99706666666667
252,1.7029366666666668,30.65909166666667,168.67470791666668,44.988754166666666,28.611550000000005
253,1.0609691666666667,27.049291666666665,74.43792083333334,27.9282125,19.160324999999993
254,0.9637224999999999,26.38553333333333,81.22324458333333,32.606716666666664,22.65512916666667
255,0.9919404166666669,27.501425,136.48837333333336,44.406883333333326,33.0325125
256,0.75766125,29.523929166666665,192.38185458333328,46.876987500000006,31.986724999999996
257,1.092346375,30.74907916666667,217.43242916666668,53.32516666666666,35.49249583333334
258,0.9425810000000001,31.226245833333337,202.77088125,63.86741249999999,44.19964166666666
259,0.9426588750000001,31.18309583333333,215.20505749999995,67.03110000000002,43.93189999999999
260,0.8642555416666666,30.388716666666664,189.7833579166667,74.92191250000002,52.614025000000005
261,0.9348395833333334,31.0271625,228.60642000000004,57.54845416666668,39.89907916666666
262,0.8696859583333333,30.444549999999996,236.17457875,54.80526666666666,37.96449583333334
263,0.8632915000000002,29.610145833333334,216.3354654166667,58.46899166666665,37.65645416666667
264,0.7757927083333334,29.174670833333334,223.71255291666662,57.106729166666675,41.765662500000005
265,0.7706376666666666,29.59267083333334,197.72232625,66.97439999999999,50.16061666666666
266,1.0273841666666665,28.42669583333334,101.37443374999998,49.0743625,37.230425
267,0.8269716249999997,26.9052875,125.64399958333333,37.161316666666664,27.839891666666663
268,1.2478011666666664,28.9225125,186.63800916666665,30.30808333333334,19.166695833333332
269,1.40395575,30.486220833333334,223.30808291666665,36.16714583333333,22.25997083333333
270,1.1996879166666665,32.13289166666667,232.55165458333326,54.77603333333334,38.049875
271,1.016675,31.52971249999999,207.15549583333336,46.86564583333333,33.7454
272,1.3466579166666666,31.187012500000005,215.8395825,40.47917083333333,24.901587500000005
273,1.5031697916666664,29.08496666666667,188.7953766666667,37.27260416666666,23.87030416666667
274,1.0871397916666665,28.737441666666673,223.58188291666667,35.81522916666666,25.623075
275,0.8560575,29.181374999999992,218.14001375,53.87347916666667,39.24117916666666
276,0.9879688333333333,30.769620833333345,176.43371875,59.83244166666668,43.481495833333334
277,1.1661620833333333,29.976266666666664,93.5444629166667,84.8003,66.91213749999999
278,0.7853533333333332,28.492933333333337,174.22628541666666,69.25507499999999,48.576075
279,1.0152789999999998,29.870437499999998,219.10433625,95.69608749999999,57.35267916666667
280,1.0618945833333335,29.95825833333333,213.37743666666668,122.91680416666667,74.31145000000001
281,0.8168154166666666,30.945537499999997,214.08605083333336,108.65876666666666,63.62339583333335
282,1.2901476250000001,30.313816666666657,202.46205250000003,65.89672083333333,39.76804166666666
283,1.360205416666667,29.328141666666657,122.62316583333335,77.76187083333332,48.92344166666666
284,1.0396808333333332,29.765625,207.05546291666667,36.51242499999999,25.428695833333336
285,0.9155220833333336,28.62439999999999,137.30721041666666,76.81875416666665,51.338512499999986
286,0.9358412499999998,25.99660833333333,97.91263375,63.77710416666667,45.2809375
287,0.9186305416666665,25.707412500000004,48.96011166666667,60.270712499999995,44.216179166666656
288,1.3633429166666666,25.433087499999996,144.46409749999998,47.474191666666655,34.99700000000001
289,0.8925198333333332,28.989358333333332,203.33043833333332,70.548625,47.63725416666667
290,0.9994266666666668,29.509020833333327,147.66403750000003,62.947429166666666,39.06968333333332
291,1.2059645833333335,29.470212500000002,99.83460916666667,47.68190833333332,25.637595833333332
292,1.0253860000000001,27.40270833333334,148.77327791666667,28.231041666666666,15.201705000000002
293,1.2245533333333334,29.36384583333334,204.92766666666668,52.96867916666667,33.658454166666665
294,1.1470776249999999,30.222691666666673,156.21460833333336,80.71198333333334,51.08207916666667
295,1.3924832083333332,30.083166666666674,123.94360833333333,74.15594583333332,51.6858125
296,1.6949691666666664,29.526904166666668,151.98946083333337,68.65285833333333,48.91237083333334
297,1.8759141666666668,28.473291666666665,83.73737708333334,46.455525,33.43711666666667
298,1.7797475416666666,28.467687500000007,157.42940875000002,42.857466666666674,30.009254166666665
299,1.8047337499999998,29.03164583333333,174.772305,32.7480375,21.049075000000002
300,1.4420729166666668,29.02106666666667,172.725605,43.58981666666668,27.75169166666666
301,1.312048333333333,28.50733333333333,162.00233083333333,47.98134166666666,32.78839166666666
302,1.0033841666666665,22.37805,42.273945833333336,28.151191666666666,23.128324999999993
303,0.9640375000000002,21.674987499999997,36.66029625,33.746991666666666,27.241941666666666
304,0.9975858333333333,22.595425000000002,57.06230708333333,25.099970833333334,19.13677916666667
305,0.9517224999999999,22.33845833333333,116.63842749999999,34.36178333333333,25.699570833333336
306,0.9283199999999999,23.591962499999998,176.05659749999995,44.580816666666664,29.217587499999997
307,0.96936375,24.3600625,196.7244020833333,74.161775,53.95249999999999
308,1.9227404166666673,25.275716666666664,185.59737708333333,73.9893875,52.23040416666668
309,1.3009670833333333,25.76367916666666,82.27855666666666,73.03036249999998,53.64649166666667
310,0.7415552916666667,26.418083333333332,55.83108249999999,76.4530625,61.133437499999985
311,0.9629170833333336,23.983704166666666,56.307990416666684,34.027100000000004,27.172729166666667
312,1.0139329166666666,16.77501666666667,24.015547083333335,11.252195833333332,9.144787500000001
313,0.8768258333333333,16.1735875,60.942674583333336,22.952166666666667,17.83272083333333
314,0.8493053750000001,19.649200000000004,120.87776416666668,49.935929166666675,35.37165833333332
315,0.7708150416666667,22.59279583333333,59.349764583333354,92.23083333333335,72.17724999999997
316,1.7865092083333332,25.296329166666666,148.7396425,73.8079875,60.51014999999998
317,2.1903916666666667,26.758979166666666,99.04620958333332,36.67648333333333,26.21247083333333
318,1.9880029166666668,27.43419999999999,131.9615825,38.128575000000005,25.6358125
319,1.7068874999999997,26.675491666666662,161.28854541666664,43.19559166666667,28.997500000000002
320,1.3848749999999999,26.73492916666667,158.26405791666664,48.83417083333334,33.03505
321,1.35868125,26.817783333333328,178.63466833333337,61.64284583333335,41.930675
322,1.1434990833333334,27.1465125,132.91764041666667,63.033441666666675,46.84053333333333
323,1.18109875,27.48182916666667,140.67647000000002,51.05398333333335,39.32022083333334
324,1.235625875,27.781641666666673,112.28718541666667,47.56307083333334,34.56997916666666
325,1.33550375,28.192216666666667,148.47382958333336,40.23777083333333,28.923983333333336
326,1.3870956666666665,27.15398333333334,125.82093958333331,29.74522083333333,21.305583333333335
327,1.0664016666666667,18.645074999999995,41.584910416666666,27.596441666666664,21.646020833333328
328,0.8351608333333331,18.723658333333333,84.71446416666666,38.137262500000006,32.89355
329,0.9941079166666666,18.696649999999998,85.39063833333334,26.72622916666667,19.2732875
330,0.8897141666666667,19.608533333333334,186.76349833333327,46.73211666666666,36.49774583333333
331,0.7508237083333332,19.94707083333333,170.92311958333335,65.77651250000001,54.240824999999994
332,0.8131933333333334,19.880041666666667,83.69477458333334,59.17915833333333,49.76636249999999
333,0.94897025,21.0423375,110.33892291666665,43.74109166666668,34.737029166666666
334,1.0434416666666666,20.143066666666666,181.11608625000005,47.332375000000006,35.750750000000004
335,0.79080625,21.818545833333335,168.46532999999997,67.07414583333333,51.06828333333334
336,0.7712048750000001,22.726087499999995,119.46923541666662,82.28211666666667,69.47977916666666
337,0.8323833333333335,23.546508333333332,110.02185999999996,80.94989166666666,69.66825833333333
338,0.92867125,23.853233333333336,109.63952291666668,92.31741666666666,81.57475000000001
339,0.9750695833333333,23.38661666666667,143.08216124999998,49.56824166666667,40.6904625
340,0.6917436249999999,21.475125000000006,164.4481233333333,64.56035833333333,55.94399583333334
341,0.9091755833333334,21.835845833333337,161.62329333333332,79.97314166666668,67.68687916666666
342,1.0610428333333333,21.64845,138.62188875,92.84316666666668,82.5799125
343,0.9225959166666667,21.46915,135.32291250000003,82.68590000000002,75.0356
344,1.499581625,21.728495833333337,131.95063916666666,86.37202083333334,79.49807083333332
345,2.488893333333333,24.310658333333336,145.05513083333332,49.062570833333325,42.16444583333334
346,1.4627616666666665,25.04928333333333,107.68982666666666,36.1274,30.647716666666668
347,1.13525625,21.953391666666665,47.28133625,34.55155833333333,31.108624999999993
348,0.9577904166666668,17.659583333333334,15.140642083333335,26.27820833333333,24.05234583333333
349,0.9669633333333332,18.631449999999997,70.50559583333332,47.685875,40.185029166666666
350,1.4409537500000003,19.567741666666667,149.46091041666665,52.32893333333334,43.02085833333333
351,0.9604439583333334,20.315787500000003,56.500875,76.806125,69.047525
352,1.20535925,22.057829166666668,67.02999916666666,81.6308,74.67674166666667
353,2.336775833333333,23.617162500000003,78.81428999999999,31.436791666666664,26.817804166666665
354,1.890244166666667,25.113625000000003,103.71716624999995,33.339124999999996,27.990295833333334
355,1.0212166666666667,21.701008333333334,78.40331708333332,27.66055833333333,22.870424999999997
356,1.1368158333333336,21.574225,146.682935,49.93074999999999,43.39205833333333
357,1.7924945833333334,22.628225,64.53452666666668,37.50996666666667,32.816333333333326
358,2.3624024999999995,23.644925000000004,75.08180541666668,25.2653875,22.879875000000002
359,1.9427033333333332,24.58841666666667,135.04914250000002,26.43450416666667,22.07614166666666
360,1.0356958333333333,19.454200000000004,46.03580416666666,21.651320833333333,16.448695833333336
361,0.8336247500000001,17.974733333333333,169.14962458333335,50.47326666666666,41.85478749999999
362,1.0484083333333334,18.244649999999996,163.98707624999997,71.29457916666668,59.130095833333336
363,0.7945890833333332,18.696337499999995,151.5965529166667,75.4986125,64.53361666666667
364,0.8675429166666665,19.730708333333332,66.02814958333333,106.23920833333335,94.95179166666667
365,0.8932265416666666,18.944833333333328,35.20552,98.50270833333332,94.29216666666666
366,0.9049895833333333,20.9026125,73.65031125,66.34504166666669,63.116687500000005
367,0.7685899166666665,23.240949999999998,73.09009416666667,76.25541666666666,71.55512499999999
368,1.4332170833333333,23.094566666666665,118.84777166666669,49.476670833333344,44.4734875
369,1.2664058333333337,21.221116666666667,23.212913333333333,30.01872916666667,28.072045833333345
370,1.1390766666666667,21.880170833333327,82.64407708333334,35.3183875,32.781820833333335
371,1.1136995833333334,23.3988875,119.62744291666667,40.56998333333333,36.80067916666666
372,1.05903675,23.356770833333332,58.56011291666667,38.108754166666664,36.30943333333334
373,2.0740029166666667,23.56182916666667,71.95980999999999,32.72557916666667,30.934466666666665
374,1.3841053749999999,21.27364583333333,2.3667812500000003,46.9191625,46.61538333333334
375,1.69647,20.69420416666667,7.706252083333335,19.340402916666665,19.188615416666668
376,1.0824841666666667,13.956837500000008,13.830743333333336,5.9910741666666665,5.868782499999999
377,0.7991325000000001,15.497879166666666,89.96003,29.01481666666666,24.87809583333333
378,0.7978969999999997,16.82638333333333,68.69163958333333,37.82827083333332,32.38304166666667
379,0.8269433333333333,16.695333333333334,76.95380958333332,22.02712083333333,19.528420833333332
380,0.8347158333333331,16.81235416666667,42.36894166666667,48.22919999999999,41.781595833333334
381,0.7757375,16.55281666666667,43.23194958333334,34.081495833333335,30.145458333333334
382,0.7407149166666666,19.552945833333336,88.18620791666662,65.9458375,56.130345833333315
383,0.93683,19.35560416666667,34.45822874999999,48.71129166666668,43.005225
384,0.8575995000000001,18.25180416666667,43.79036124999999,45.95949166666667,35.04524166666667
385,0.927908333333333,15.49445,16.975975416666667,44.115054166666674,41.176662500000006
386,0.8278606666666669,18.0742875,118.43068583333331,71.93613333333333,63.06859166666666
387,0.8353524999999999,18.7703375,127.99866208333334,71.69320833333332,66.29100833333332
388,1.02446,20.92822083333333,151.0416133333333,63.801375,57.63884166666667
389,1.1454821666666664,22.11547916666667,105.81143666666664,56.58155416666668,52.01545000000001
390,1.7878024999999997,21.23718333333333,107.55742583333335,53.17249999999999,47.92449583333333
391,1.9027245833333328,21.051458333333333,106.31609666666667,38.34375833333333,35.81327916666666
392,2.4668991666666664,21.053200000000004,143.53217291666664,22.316470833333337,20.284104166666665
393,1.377298333333333,22.05390833333334,142.22515791666663,19.220154166666664,18.017958333333336
394,1.235515875,21.533799999999996,103.80156833333331,25.825579166666667,24.548708333333334
395,1.3871662500000002,21.95413333333333,85.41000250000002,24.6405875,23.435533333333336
396,1.0149867499999998,21.667883333333336,44.70883999999999,24.933341666666664,23.957008333333334
397,1.8729558333333334,21.978425,76.32616999999998,30.125925,26.840016666666667
398,1.7029394583333335,21.04276249999999,53.09275833333333,22.43070416666666,20.865195833333335
399,1.1876614583333331,21.475774999999995,85.97608416666667,25.32443333333333,23.583812500000004
400,2.2028854166666663,21.514037499999997,89.11063625000003,26.49567083333333,23.916279166666666
401,2.6033795833333335,21.137050000000002,74.42088458333335,25.594291666666667,22.93274166666667
402,2.7574954166666665,22.760237500000002,122.42539416666663,19.827195833333334,16.197641666666662
403,1.4028991666666666,21.183912499999995,137.1428754166666,20.7967875,16.00104166666667
404,1.221807083333333,16.71206666666667,62.85295291666668,24.961320833333332,22.43704166666667
405,1.05682375,16.523870833333334,88.19517166666664,45.01912916666666,41.15265
406,0.99878,16.23699583333333,102.03274958333337,49.720504166666665,46.87890833333333
407,0.8461693333333332,17.78795416666667,163.0966741666667,51.38844583333335,46.837162500000005
408,1.0638037500000002,18.97265416666667,158.68389916666666,53.714375,48.421883333333334
409,0.7167876249999999,19.36438333333334,87.36800375000003,73.29317916666666,68.7608375
410,1.1952520833333333,20.56385,73.2508225,36.565883333333325,34.88493333333333
411,2.5507045833333333,22.707200000000004,181.51511791666675,17.27605833333333,13.393191666666667
412,2.7809945833333334,23.791758333333334,70.82263625000002,11.912566666666665,10.033312500000001
413,2.8034070833333327,24.72865416666667,97.07015958333334,9.748591666666668,8.953145833333334
414,2.503298333333334,25.891449999999995,105.98032625000002,10.622666666666666,9.731708333333332
415,1.4152979166666668,17.395095833333333,31.375983333333334,18.59915416666667,17.094337499999998
416,1.0147520833333332,15.6608375,47.205789166666655,17.54475833333333,16.351608333333335
417,0.8773037499999998,15.605558333333333,75.46061083333335,20.720912500000004,19.687016666666665
418,0.7863056666666667,18.5028125,136.32991291666664,25.121337499999996,23.149437499999994
419,0.9453179166666666,19.705074999999997,139.46660124999997,25.309670833333332,22.227904166666665
420,0.7907662499999998,18.68240833333333,52.52420958333334,31.014837500000002,29.2513625
421,0.9574270833333335,17.286191666666667,26.051624583333336,102.92233333333331,88.25004166666666
422,1.599,20.762120833333334,129.53361291666667,109.62958333333334,73.61318750000001
423,2.0725654166666665,22.0012625,139.977995,81.02816666666665,58.581370833333345
424,2.036529583333333,22.7634375,68.92839375,77.87545833333333,56.67343333333334
425,1.85677625,23.680779166666667,61.11901500000001,66.37719583333335,47.684575
426,1.06017625,21.16820833333334,25.865086666666674,61.056841666666664,48.4246
427,0.8814708333333332,16.351641666666666,14.397479583333334,45.484437500000006,40.75196666666667
428,0.8780079999999999,16.21377083333333,27.14351708333334,44.63555833333333,35.413162500000006
429,1.0225974583333333,17.66360416666667,35.620681666666655,56.12828749999998,43.597408333333334
430,0.8632924583333333,20.850262500000003,108.2738154166667,78.31305833333333,60.65561666666665
431,0.9888200416666666,21.021445833333335,21.385227499999996,58.02806666666666,49.81814583333334
432,1.9146858333333334,23.07668333333333,45.48403250000001,40.11569166666667,31.36192916666667
433,1.4806379166666668,24.68704166666666,81.25400583333332,43.648625,32.83679583333333
434,1.9478341666666665,24.173095833333335,109.29934708333336,48.512566666666665,35.696775
435,1.20930125,20.601312500000002,13.080095833333338,50.53994583333334,39.877804166666664
436,0.9885158333333334,21.026549999999997,22.06725833333334,45.672904166666676,38.333104166666665
437,1.0972775000000001,21.31192916666667,8.708274999999997,48.07981666666668,38.902979166666675
438,2.0164658333333336,23.86085416666667,85.07987833333333,38.86300833333334,28.729479166666668
439,2.772565833333333,24.63886666666666,113.45559249999998,35.5462375,25.973604166666664
440,2.6699537499999995,25.603424999999998,95.83342375,37.548425,25.919645833333334
441,3.2482141666666666,25.293154166666667,131.52992375,27.681645833333334,18.8920125
442,2.6963620833333333,26.456437500000003,156.89049916666667,36.52262083333333,24.664304166666664
443,3.152779583333334,26.74128333333333,128.54662500000003,33.6542,23.90098333333334
444,2.6766362916666675,26.020904166666664,93.48761958333334,32.26743333333333,23.167025000000006
445,1.09771,20.58114166666666,49.06780333333334,27.425645833333334,16.895770833333337
446,0.7786614166666666,19.400683333333333,65.26000874999998,46.24270416666666,30.63219166666667
447,0.7994585833333333,20.25502916666667,69.70019083333337,70.42923333333333,45.54742083333334
448,2.1214416666666662,23.0233875,178.75775708333333,63.288108333333334,45.55437916666667
449,1.9463709583333333,23.39578333333333,74.46627375,55.27895,42.4035125
450,1.7924458333333337,25.294112499999997,87.17190125000002,49.127024999999996,36.46420416666666
451,0.8576040000000001,19.8908625,50.1394175,38.1067375,29.143454166666668
452,1.2128091666666667,22.015320833333334,242.93331749999993,49.04645416666667,34.14246249999999
453,1.5144031250000003,23.204112499999994,176.29013250000003,59.74964583333334,40.70925833333333
454,2.387362916666667,23.854712499999994,155.94875666666664,45.37766250000001,32.32268750000001
455,3.1611050000000005,23.94502916666666,109.89002375,41.13924583333333,29.770525000000006
456,2.40887875,23.969075,67.59509208333334,36.657933333333325,26.562191666666667
457,2.3932395833333335,25.816350000000003,104.91127291666669,34.581604166666665,25.353920833333333
458,2.4139704166666665,25.524900000000006,48.42442499999998,37.086641666666665,27.15952083333333
459,2.3693741666666663,26.029200000000007,56.37457708333334,40.07300416666667,28.856629166666668
460,1.5101449999999996,26.91972916666667,113.18594083333333,46.568045833333336,33.07760416666667
461,1.3258837499999998,28.956454166666663,181.09541833333333,58.31658333333335,40.97425416666667
462,1.8142450000000003,28.412883333333337,171.46685458333332,42.540712500000005,30.977945833333333
463,0.8166318333333334,22.893070833333336,66.33497333333332,43.90677916666667,32.44432916666667
464,1.159167875,24.059595833333336,131.8933820833333,57.30794583333333,39.273779166666664
465,2.249685416666667,25.330404166666664,168.16331250000002,39.452462499999996,28.327420833333335
466,2.2438412499999996,26.08689583333333,68.02066291666667,35.79099999999999,26.628158333333335
467,2.333225833333333,26.166991666666664,59.32483166666665,29.02950833333333,21.652649999999998
468,1.5327512499999998,26.26643749999999,97.51493083333337,33.343108333333326,24.880329166666673
469,0.6912658333333334,22.777641666666664,28.44401541666666,47.774637500000004,39.870716666666674
470,2.0691240833333326,28.54081666666666,227.55425374999996,44.93069166666666,30.969575000000003
471,1.687615833333333,30.054000000000002,223.17297541666667,51.82832500000001,34.2343375
472,1.2115233333333333,26.8293875,194.72909791666663,33.541312500000004,21.0095
473,0.9506962499999999,22.992745833333334,96.31457333333331,40.54225416666665,25.105783333333335
474,0.9904862499999999,22.704804166666666,42.49020625,53.342887499999996,38.880320833333336
475,1.6332087499999999,24.042816666666663,56.46017041666665,43.382191666666664,31.797195833333337
476,1.672905,26.722075,117.89934125,37.395645833333326,27.255254166666663
477,0.9362218750000001,27.801437499999995,128.6463895833333,41.774012500000005,31.089775000000003
478,0.8561354166666667,23.119433333333337,47.97206500000001,34.13437083333333,24.294066666666666
479,1.1182506666666667,24.730875,147.3819625,48.30126666666667,29.654812500000002
480,2.2756187500000005,26.258804166666668,211.09257041666663,43.3175875,28.090412500000003
481,2.4217604166666664,26.62279166666666,84.20790541666666,36.07405833333334,26.24229166666667
482,2.587333333333333,29.16920833333333,193.40961625000003,31.69032916666666,21.518487499999996
483,2.750610416666666,29.549654166666656,173.13491166666665,35.9693875,24.610362500000004
484,1.8391104166666663,29.45979583333334,164.9249804166667,47.850591666666666,34.0749375
485,2.0645241666666667,29.77599583333333,198.74273125,30.937404166666667,20.60011666666666
486,2.1481774999999996,28.724891666666664,172.92616916666668,35.324670833333336,23.427495833333335
487,1.26805725,27.769045833333333,92.00795583333333,42.254,30.607658333333333
488,2.4863085,29.420925,182.2487891666666,26.363487499999994,17.98253333333333
489,1.909605,29.612670833333326,173.20304874999997,33.20955416666667,22.941175
490,1.8799429166666668,29.1496625,187.88494458333335,29.829375,19.5733
491,2.3920691666666665,29.513954166666675,220.9605904166666,29.199383333333326,19.934025
492,2.69994625,29.71766666666667,200.00232916666664,23.94570833333333,15.150695833333332
493,0.8889887083333335,24.868945833333328,111.2131154166667,22.529095833333333,17.094941666666667
494,1.623144416666667,28.558154166666665,192.02374083333328,33.06067916666667,22.16498333333334
495,2.3566245833333332,29.5504625,204.3587583333333,23.668466666666664,15.438195833333332
496,0.9013412500000001,28.369600000000002,188.29495250000002,28.81957499999999,19.66909583333333
497,1.1068809166666664,29.436337499999997,246.21660541666662,32.00623333333333,20.618283333333334
498,0.8978566666666666,24.38465833333333,65.09231791666667,34.08434583333332,27.003850000000003
499,0.8241679166666666,22.549133333333334,74.79599666666667,25.80068333333333,22.203445833333333
500,1.0531812500000002,22.2346625,40.884933749999995,15.72750416666667,14.30143333333333
501,1.6123966666666665,27.870866666666675,198.28888125000003,32.42312916666666,22.300933333333333
502,1.4859679166666666,27.677249999999997,65.12971666666667,34.11663333333333,23.946791666666666
503,2.351104166666667,30.36386666666667,164.5643554166667,30.050758333333324,19.655691666666666
504,1.6151237500000004,30.296008333333344,156.97022875,28.493375000000004,19.4882625
505,1.0052254166666665,27.141270833333326,82.63025875000001,26.442175000000002,18.725225
506,0.9588792083333332,26.66978333333334,155.59300333333331,28.2027125,15.99739583333333
507,0.9700740000000002,27.755587500000004,266.5186779166667,36.61865,23.13808333333333
508,1.0265511250000003,28.837833333333336,275.27748875000003,49.0273625,32.2740625
509,1.1485649999999998,29.830208333333328,245.7378112499999,57.851324999999996,40.260637499999994
510,1.8068100000000002,29.88000833333334,219.04706041666668,42.015074999999996,31.024420833333327
511,1.8415929166666667,30.458462500000007,186.19636416666665,32.3007,24.0484
512,2.0124695833333335,31.277475,190.11299166666666,28.670887499999996,20.23105416666667
513,2.0278449999999997,34.973099999999995,231.92799249999996,36.88124583333333,17.578787499999997
514,1.7654758333333336,36.735804166666675,255.2992216666668,36.999495833333334,16.759999999999998
515,1.9822298749999998,37.251250000000006,276.9616724999999,37.26372083333333,15.050000000000002
516,1.6350882083333336,37.192479166666665,270.1753841666667,37.911608333333334,18.071399999999997
517,2.449267916666667,35.348037500000004,253.18193958333336,27.641483333333337,16.257020833333332
518,1.3847795833333334,28.79845833333333,129.29430916666658,20.3028225,11.087695416666667
519,0.8948154166666665,27.13291666666667,79.14956166666666,27.676437499999995,20.7396125
520,1.5552424999999996,30.08506250000001,208.70244041666663,26.373495833333333,16.96730416666666
521,2.26351875,30.205137500000003,200.15668749999998,17.451433333333334,10.27021625
522,1.8043229166666663,30.540733333333332,169.29936416666666,27.665445833333333,17.932079166666664
523,1.6789380833333334,30.82986666666667,155.4237145833333,31.098404166666683,21.27825833333333
524,1.7342145833333333,30.385699999999996,100.3394458333333,27.844491666666666,19.29917083333333
525,0.9850051249999999,28.822983333333337,88.03945249999998,30.944579166666667,22.063929166666664
526,1.4209837500000002,28.501391666666674,42.737091666666664,29.248879166666665,19.795445833333332
527,1.6367804166666664,31.758729166666665,149.3529075,50.044662499999994,31.490804166666663
528,0.9393554166666666,30.476979166666666,132.6487266666667,30.83462916666666,19.915104166666662
529,0.9791629166666668,28.599095833333337,128.31392749999995,28.46725833333333,19.147629166666672
530,1.41172375,28.4522875,88.473695,32.137387499999996,22.058862500000004
531,1.1355047916666665,28.108683333333335,137.70407041666667,27.08709166666667,17.947966666666662
532,1.3161004166666666,30.11100833333334,224.5579675,32.523620833333325,19.3243125
533,1.7374295833333333,31.98749583333333,196.42745583333337,37.478658333333335,17.251341666666672
534,1.6230086249999998,31.173654166666665,143.32688041666668,37.22608333333333,17.675233333333335
535,2.40460625,31.206504166666672,174.26045499999998,26.73555416666667,15.13807916666667
536,2.417623333333334,31.858845833333334,225.6137070833333,22.792941666666664,12.829749999999999
537,1.7491962499999998,30.37791666666666,155.71716958333332,29.34454583333333,16.996875
538,1.7598537499999998,30.65095416666668,134.87990458333334,32.3918625,19.502229166666663
539,2.2965674999999997,30.23007916666667,192.63152916666672,21.436391666666665,12.908325
540,1.7015725000000002,29.23091249999999,121.20239541666666,26.23629583333334,16.902595833333333
541,1.7236916666666666,28.442625000000003,125.74651291666669,30.91967083333334,19.5124125
542,2.2069541666666668,30.327795833333322,131.2236858333333,27.029683333333338,14.768804166666667
543,1.2160089166666668,31.02101666666667,143.037745,44.41935416666667,21.054079166666668
544,1.1328304166666667,30.60535833333333,102.64323124999999,45.7697875,25.102662499999994
545,1.2280897916666667,30.17320833333333,112.25372541666668,42.44909583333333,23.065637500000005
546,1.9519641666666665,29.80207499999999,187.0843391666666,28.219800000000006,14.4556125
547,1.8815864166666667,30.343116666666663,151.59754708333327,28.938962500000006,12.354554166666667
548,2.217342083333333,30.730337500000008,188.0504583333333,26.25605,12.304670833333333
549,1.8211916666666659,28.457691666666665,140.57602875,26.22402375,13.92856208333333
550,1.7325975,28.800154166666662,183.11557125,22.831125,13.287770833333331
551,1.90634875,30.991058333333328,174.95283333333336,27.69110833333333,13.84502916666667
552,1.2455295833333333,27.626945833333334,90.24581083333334,24.063187499999998,15.728087499999999
553,1.8437870833333332,28.280191666666667,136.2269104166666,20.846508333333336,12.28762083333333
554,1.0897672083333334,27.32830000000001,78.96225958333333,43.070674999999994,23.444945833333335
555,1.4381919583333336,28.463004166666668,168.35640041666667,24.2705875,12.495988749999997
556,1.554476833333333,30.918650000000003,194.95422541666667,52.65741666666667,32.18575833333334
557,0.9232344166666667,28.75831666666667,87.23359625,39.02025833333334,28.1366625
558,0.883276125,28.06938333333333,54.24959500000002,32.351441666666666,23.456762499999996
559,0.9243370000000001,27.423008333333332,71.24458208333336,35.731420833333324,25.281787500000004
560,1.53079625,28.615133333333333,99.85600666666669,24.131125,16.22775
561,1.4393949583333334,30.825708333333335,206.84478249999998,23.297100000000004,13.42191375
562,1.3348881250000002,26.70045416666667,71.49297666666666,25.30514583333333,15.346420833333335
563,1.1064127083333333,27.280941666666674,115.35424499999999,32.71575416666666,21.414616666666664
564,1.0425219583333332,28.317400000000003,195.3004429166666,18.498383333333337,12.261429166666668
565,1.00136575,31.196262499999992,266.32989291666667,33.07660416666666,18.918787499999997
566,1.3026264166666668,31.210395833333322,181.79860416666665,46.31161666666668,26.399950000000004
567,1.566360416666667,32.25944583333334,239.92955541666672,22.534279166666668,11.232957083333334
568,1.4159881250000002,33.17288333333334,182.62471208333332,28.42776666666667,12.968926666666666
569,1.2922091666666666,32.2237375,172.79244666666662,33.118220833333325,19.027416666666664
570,1.5600254999999998,31.794841666666667,164.2088070833333,53.4536625,31.93279166666667
571,2.4206975,32.17294166666667,125.84577041666667,30.598670833333333,15.726891250000001
572,2.3389387499999996,31.916845833333337,114.216775,27.51990833333333,14.887729166666666
573,2.204918333333333,31.551420833333335,79.50082000000002,32.01164166666667,19.9066375
574,1.740717583333333,27.956045833333334,75.44788291666667,21.22346375,12.933165
575,1.89131375,27.1034375,90.79566916666666,19.854115000000004,13.995847499999998
576,1.2896609583333334,26.20234583333333,50.75951249999999,14.561052916666666,10.979127083333333
577,0.9300662083333334,26.735512499999995,76.42759083333331,27.582533333333334,22.149395833333344
578,0.8175997499999998,27.692395833333336,153.41658541666666,32.96224166666665,26.625970833333337
579,1.1950383333333334,29.494025000000004,178.22144791666665,39.79977083333333,26.66110833333333
580,1.518552083333333,30.96319583333333,254.84808708333335,26.276562499999997,12.680516666666668
581,1.5158220833333338,31.3497,254.70411083333337,26.580758333333335,15.589875000000001
582,1.2023237500000001,32.579595833333336,159.89387875000003,38.18760833333334,27.513341666666665
583,1.5924316666666665,27.7737625,76.4604875,20.716691666666666,14.430737500000001
584,2.132225416666667,29.01640416666666,73.13114750000001,16.22090416666667,11.162862500000001
585,1.0073058333333331,26.87411250000001,143.53097166666666,17.901399166666664,14.883458333333332
586,1.0858750000000001,28.321591666666674,177.11175500000002,20.271154166666665,15.514329166666668
587,0.9751884166666667,30.385241666666662,222.63743875,24.006383333333336,16.370162499999996
588,2.3098620833333343,29.590683333333335,141.47572083333336,17.15290416666667,10.109365833333332
589,1.8116479166666668,26.813758333333336,78.59437041666668,10.900372916666669,8.014869583333333
590,0.9548954166666666,28.074241666666676,171.21661083333333,30.86625833333333,25.39910833333333
591,1.2968441666666666,30.286870833333328,121.70846958333333,23.344816666666663,16.0966
592,1.6268862499999999,30.995062500000007,215.5387245833333,20.564295833333336,14.424645833333335
593,1.6658415,31.717500000000005,162.57750875,11.771425,8.632114166666666
594,1.19429775,29.316295833333328,108.48331916666667,22.7127625,17.68097083333333
595,1.1252002499999998,29.863175000000002,147.70754208333335,21.186762500000004,15.272704166666665
596,1.1507082083333333,30.042737499999998,144.94689541666665,22.225125000000002,16.138604166666664
597,1.1776095833333333,30.17017083333333,131.65324375,22.757629166666664,17.4722875
598,1.2416324999999997,27.859016666666662,46.67371166666666,23.16495833333333,17.80552916666667
599,1.08498125,27.230383333333332,37.9906425,19.647212500000006,15.118000000000002
600,1.32403625,27.079399999999993,128.42416,13.645570833333332,10.116210416666664
601,1.2800803333333335,28.343570833333327,100.69354625,17.60382708333333,12.794436666666668
602,0.7590120416666668,28.660720833333333,144.5478466666667,40.04544166666667,32.63895
603,0.8408229166666668,28.958020833333336,193.2225175,24.957454166666665,20.900566666666666
604,0.9433570416666668,29.21699583333334,204.46910874999995,18.531279166666668,13.982637500000003
605,1.0613670833333333,29.842854166666665,115.57199083333334,23.030937499999997,17.9093125
606,1.2932854166666667,25.997225,57.60762833333334,20.716308333333334,19.220716666666664
607,0.91187175,25.553554166666668,159.25194333333334,15.281326249999998,13.790846666666667
608,0.918470875,30.337504166666672,196.11000749999994,28.923370833333337,21.164375000000003
609,2.138375,31.2800125,192.31200166666667,25.329004166666667,17.368304166666665
610,2.229754583333333,30.821758333333335,203.01954958333332,18.432787500000003,11.388824999999997
611,1.0342276666666668,30.272724999999998,205.11915083333335,26.06077916666666,17.88362083333333
612,1.0842725000000002,30.42097916666667,166.19121666666663,28.473837500000002,20.86215
613,0.8667315833333332,27.87648333333333,138.22141333333335,32.0313,28.12392083333333
614,0.8916779166666666,30.023387500000002,157.23760625,27.53627916666667,20.526787499999998
615,0.997682625,30.35604583333333,79.3375525,39.7611375,32.78621666666667
616,1.72354625,27.0611,138.97315416666666,15.569450000000002,12.110699999999996
617,1.125660833333333,29.276475000000005,127.79529958333335,27.679425,18.989400000000003
618,1.1033943333333331,29.843091666666666,203.35083083333336,30.360033333333334,20.101291666666665
619,1.2150421666666669,30.665899999999997,177.00486625,29.514883333333326,20.02775416666667
620,1.3069684166666664,29.636237500000004,109.10928416666665,26.255287499999998,16.768320833333334
621,1.4251979166666668,28.596150000000005,148.61715833333335,20.268808333333332,12.495079166666665
622,1.361085583333333,29.838950000000008,170.66438624999998,20.057412499999998,12.304783333333333
623,0.9994136666666664,28.103737499999998,75.54234541666666,25.990954166666672,18.92524458333333
624,0.8839335,27.094895833333336,159.82161541666667,16.67366666666667,13.510337499999999
625,1.043736916666667,26.99392083333333,167.59295958333337,16.1404,11.807883333333336
626,1.061106625,28.0896,124.53262625,24.362304166666664,17.980783333333335
627,0.9773829166666667,26.34517083333334,58.02191374999999,14.423785,11.00972
628,0.8485291666666668,26.149041666666673,126.02721541666666,13.2738875,10.596216666666667
629,0.9970479166666667,28.397933333333338,169.2388883333333,19.3515125,14.746845833333333
630,1.1276249999999999,27.42085833333334,47.212155,17.779645833333333,13.798316666666667
631,1.0219391666666666,26.138975000000002,36.62830541666666,13.811308333333331,12.40339875
632,0.8139228333333336,24.992625,117.30702666666666,10.674508333333335,9.724305416666667
633,0.9017846249999998,26.967316666666665,104.53371125000001,24.19100416666667,19.450083333333335
634,0.9085683333333332,25.53361666666667,202.824445,16.689675,13.322229166666666
635,0.9597424999999999,26.99587916666667,214.30224958333335,17.461241666666666,12.759997916666668
636,1.1071216666666668,25.126491666666663,93.06731791666668,12.327962500000003,10.228037500000001
637,1.19366,20.598754166666666,75.01456916666667,6.860701250000001,5.343857499999999
638,1.1358387500000002,21.495887500000006,66.78710291666667,7.7446425,6.056450833333334
639,0.9783599999999998,22.199749999999998,84.422325,13.578166666666668,10.947927916666664
640,0.8559459166666668,25.221654166666664,147.80803749999998,24.206174999999998,18.1569375
641,1.11664825,26.619020833333334,138.67653708333333,24.798233333333332,17.571570833333336
642,0.9962370833333334,25.52055833333333,122.67382791666667,20.157495833333332,15.432195833333331
643,0.8139420833333334,25.20697083333333,93.36511666666667,30.785999999999998,23.756312499999996
644,0.8401720833333335,24.22131666666667,140.40827666666664,28.179870833333336,23.38885
645,0.8288133333333333,24.95883333333333,128.98380708333332,53.3975375,40.737812500000004
646,0.7526465416666669,26.554037500000003,88.65108916666667,51.87245416666667,43.38269583333334
647,0.7049194583333332,26.258700000000005,116.50252125000002,53.14465416666666,45.51240416666667
648,0.7563348333333333,27.399937500000004,150.36274541666668,51.84396666666666,43.53433333333333
649,0.9730137500000001,27.315033333333336,168.05281291666665,37.95943333333333,32.9272375
650,0.9757350416666668,24.928358333333335,178.64924625,32.27005833333333,25.892129166666667
651,0.9258312499999999,23.122579166666668,177.03968958333334,30.9886875,27.546849999999996
652,0.8954941666666668,23.288750000000004,185.8738254166667,36.74897083333334,33.246225
653,0.9995929166666668,24.17130416666667,185.86614208333336,37.4664375,33.64550416666666
654,0.9388604166666665,25.357824999999995,186.48010541666667,30.372170833333332,25.39914583333334
655,0.9401317916666665,25.5301,160.78662958333334,25.43590416666667,18.538858333333327
656,1.158925,24.831775000000004,94.61946875000002,28.5207125,20.096958333333337
657,0.8199406666666667,22.64790833333333,91.859985,21.59765833333333,18.935812500000004
658,0.9301683333333335,23.690045833333333,80.37091375000001,21.436270833333335,17.92170833333333
659,0.9946029166666669,22.002512500000005,109.37188666666668,11.298866666666669,10.249699999999999
660,1.0261939166666667,23.612570833333333,46.3781775,12.840871250000006,10.834639166666667
661,0.8950495833333331,23.058624999999996,92.27646583333335,8.014631666666666,7.623850833333332
662,0.7932906249999999,25.527820833333337,113.52105041666668,21.238275,19.77784583333333
663,0.8535049166666666,26.128187499999996,70.3182483333333,22.7166375,20.834341666666667
664,1.3658733333333333,25.909724999999998,151.23666416666666,14.167637499999998,12.582324999999997
665,1.5103413749999997,26.75425,174.5628245833333,11.228270833333335,9.373616666666669
666,1.221536666666667,26.869712500000002,126.36598583333334,11.125127500000003,9.336383333333332
667,1.9510941666666666,26.38555416666667,111.55027125000002,8.750783333333334,7.562541666666667
668,2.256661666666667,27.830291666666668,184.90709291666667,7.125427916666667,5.6582291666666675
669,2.32491625,28.343479166666665,109.55209791666665,7.531713333333333,4.996229583333332
670,1.0466879166666667,21.813366666666663,37.621256249999995,6.398930416666668,4.722951666666666
671,0.9544762499999999,19.304183333333338,42.858082499999995,7.4856475,6.7338770833333355
672,1.0131220833333334,18.6473,74.75949416666667,7.46059125,6.417775416666667
673,0.9470858333333331,18.34172916666667,73.08333499999999,10.559951666666667,9.32106875
674,1.0303204166666668,18.81307083333333,73.14695291666668,13.418258333333336,10.0516375
675,1.2652304166666668,15.739595833333338,94.82980166666665,11.960809583333337,9.471584583333332
676,1.0886950000000002,15.571283333333332,86.48579791666667,13.125233333333332,11.708862499999997
677,1.0923670833333332,15.98634166666667,77.3019475,13.558820833333336,12.3958125
678,0.8765195833333336,19.17617916666667,75.48102250000001,28.659812499999997,22.62432916666667
679,0.7672354166666667,20.8172,104.1871108333333,41.41702916666667,32.9801875
680,0.9512758333333332,23.44612083333334,92.63249749999999,77.94479583333332,62.444208333333314
681,0.7409086666666668,23.566595833333327,73.74889666666667,93.42837500000002,79.742675
682,1.08118625,23.723924999999998,65.00899875,44.1824875,35.537370833333334
683,0.7721366666666665,21.482633333333336,53.77161458333334,38.14603333333334,32.54832083333333
684,0.8383054166666667,21.186062500000002,82.44455791666667,63.82872500000001,53.40645
685,0.890248291666667,21.474008333333334,137.18983958333334,51.39041666666668,44.67295416666667
686,1.114391666666667,21.326991666666668,164.63317541666666,28.144354166666663,23.70521666666667
687,1.0485545833333332,20.72843333333333,127.49739791666667,43.231554166666676,36.77452916666667
688,1.3501960416666667,21.20617916666667,33.30937333333333,49.83722916666665,44.36623333333333
689,0.8465966666666667,19.962725,19.290165000000002,56.39071250000001,51.828633333333336
690,0.8832300000000002,17.909966666666666,68.00905666666667,27.89706666666667,24.288637499999993
691,0.8195133333333334,18.342658333333333,35.34589583333334,52.41075,47.01206666666666
692,0.7033254166666668,17.780470833333336,20.43374041666667,56.15684583333333,52.759487500000006
693,0.7739137500000001,16.768404166666667,9.258364166666668,51.34177916666667,49.35606666666667
694,0.7264154166666668,15.378916666666669,14.300020833333335,43.10129166666667,42.113862499999996
695,0.8340508333333334,16.3003375,16.32249958333333,40.7064,32.11765833333333
696,0.8219299999999997,16.522225000000002,28.341162916666665,27.57189583333334,23.777587499999996
697,0.989967916666667,17.306687500000002,79.54768208333333,18.77606666666667,15.997729166666666
698,1.1012070833333334,16.98626666666667,151.87991458333332,34.84068333333334,30.526424999999993
699,0.91579,15.2218125,145.81987791666668,52.87257499999999,48.24121250000001
700,1.0415979166666667,16.01254166666667,163.81399416666667,50.04481666666666,44.38191249999999
701,1.0414645416666668,16.063108333333336,169.91739833333332,55.08869999999998,49.89829583333333
702,0.9328868333333332,16.9505625,156.93229958333333,55.83011666666665,49.79817916666667
703,0.9397733333333331,18.573412499999996,90.45057625,53.61592916666667,45.03109166666667
704,1.0613991666666667,18.132683333333333,47.951537916666666,73.12138333333333,65.59733333333332
705,1.2249275,18.251270833333336,67.672155,49.00107916666666,46.54613750000001
706,0.9294902916666667,18.834195833333336,130.6443204166667,69.43308333333333,64.98499166666667
707,0.8839034583333335,18.166229166666664,108.44080625000002,84.74299999999998,78.68250833333332
708,0.8221345833333334,18.371808333333338,26.68842833333333,77.50395416666667,72.98484166666665
709,0.9288541666666669,14.40767916666667,17.83330583333333,46.504904166666655,46.26386666666667
710,0.69307625,17.61975,29.484027500000007,62.808833333333325,57.58815416666666
711,0.7532500833333334,18.383304166666665,18.457806666666666,38.32261666666667,35.69192916666666
712,0.9491725000000001,17.736324999999997,53.473900833333325,27.008620833333335,24.08356666666667
713,0.7084000000000001,18.723654545454544,55.589603636363634,40.16954545454545,33.16909999999999
